index,label,sex,age,weight,stocking_density,SRW,type,SFW,birth_weight,proportion_of_herd,conception_step,calving_interval,lactation_duration
0,bull,entire_m,330,405,0.0038997876484240337,603,B_indicus,,34.7,0.056778929188255986,,,
1,breeding_cow,breeding_female,585,430,0.029908257364529386,604,B_indicus,,34.7,0.43544905008635604,-4.0,15.0,9.0
2,steer,castrate,235,284,0.017526802283031086,605,B_indicus,,34.7,0.255181347150259,,,
3,heifer,heifer,240,254,0.01734886520401558,606,B_indicus,,34.7,0.25259067357513,,,
